{"organizations": [], "uuid": "0c76d9defc2af9b9fc2659a9ca3d77b546850438", "thread": {"social": {"gplus": {"shares": 0}, "pinterest": {"shares": 0}, "vk": {"shares": 0}, "linkedin": {"shares": 0}, "facebook": {"likes": 0, "shares": 0, "comments": 0}, "stumbledupon": {"shares": 0}}, "site_full": "www.reuters.com", "main_image": "https://s4.reutersmedia.net/resources_v2/images/rcom-default.png", "site_section": "http://www.reuters.com/resources/archive/us/20180227.html", "section_title": "Archive News &amp; Video for Tuesday, 27 Feb 2018 | Reuters.com", "url": "https://www.reuters.com/article/brief-francescas-sees-q4-2017-gaap-earni/brief-francescas-sees-q4-2017-gaap-earnings-per-share-0-07-to-0-11-idUSASB0C7UA", "country": "US", "domain_rank": 408, "title": "BRIEF-Francesca’s Sees Q4 2017 GAAP Earnings Per Share $0.07 To $0.11", "performance_score": 0, "site": "reuters.com", "participants_count": 1, "title_full": "", "spam_score": 0.995, "site_type": "news", "published": "2018-02-28T05:29:00.000+02:00", "replies_count": 0, "uuid": "0c76d9defc2af9b9fc2659a9ca3d77b546850438"}, "author": "Reuters Editorial", "url": "https://www.reuters.com/article/brief-francescas-sees-q4-2017-gaap-earni/brief-francescas-sees-q4-2017-gaap-earnings-per-share-0-07-to-0-11-idUSASB0C7UA", "ord_in_thread": 0, "title": "BRIEF-Francesca’s Sees Q4 2017 GAAP Earnings Per Share $0.07 To $0.11", "locations": [], "entities": {"persons": [{"name": "francesca", "sentiment": "negative"}], "locations": [], "organizations": [{"name": "reuters", "sentiment": "negative"}, {"name": "holdings corp", "sentiment": "negative"}, {"name": "thomson reuters", "sentiment": "none"}, {"name": "eikon", "sentiment": "none"}]}, "highlightText": "", "language": "english", "persons": [], "text": "Feb 27 (Reuters) - Francesca’s Holdings Corp:\n* FRANCESCA’S® PROVIDES FOURTH QUARTER FISCAL YEAR 2017 UPDATE AND INTRODUCES FISCAL YEAR 2018 ESTIMATED TAX RATE AND BOUTIQUE NET OPENINGS\n* SEES FY 2017 GAAP EARNINGS PER SHARE $0.39 TO $0.43 * SEES Q4 2017 GAAP EARNINGS PER SHARE $0.07 TO $0.11 * SEES Q4 2017 SALES $138.5 MILLION * SAYS ‍REAFFIRMS Q4 2017 SALES​ * SAYS ‍NOW EXPECTS Q4 2017 NET SALES OF $138.5 MILLION AND A COMPARABLE SALES DECLINE OF 15%​\n* Q4 EARNINGS PER SHARE VIEW $0.20, REVENUE VIEW $137.2 MILLION -- THOMSON REUTERS I/B/E/S\n* ‍FOR FISCAL 2018, COMPANY EXPECTS EFFECTIVE TAX RATE TO DECREASE TO APPROXIMATELY 26% BASED ON NEW TAX LEGISLATION.​ Source text for Eikon: Further company coverage:\n ", "external_links": ["http://thomsonreuters.com/en/about-us/trust-principles.html"], "published": "2018-02-28T05:29:00.000+02:00", "crawled": "2018-02-28T13:21:43.008+02:00", "highlightTitle": ""}